X1,X2,y,y_noisy
-2.6158303249683668,-0.07174441577005192,1.0,1.0
-6.218132781455015,1.0007514801572022,1.0,1.0
-4.938412451492076,-0.2538938840597902,1.0,1.0
-6.286652516088578,-0.3596649223859103,1.0,0.0
-3.945229662796895,0.9045975429490242,1.0,1.0
-4.3647908302792535,-0.2644276395086455,1.0,1.0
-5.796733810752977,-0.839019314863614,1.0,1.0
-5.037848907689495,0.5515184745722321,1.0,1.0
-4.838115359906222,-0.7848026518224785,1.0,1.0
-3.8292040064853987,-2.19952622584346,1.0,1.0
-5.675442990507647,0.7140765181072869,1.0,1.0
-4.546940205913001,0.819803210572417,1.0,1.0
-5.5341848762931285,-0.35312520167637834,1.0,1.0
-6.454541800181029,1.027563902579422,1.0,1.0
-3.8136145737167904,0.2508010497430297,1.0,0.0
-5.103863951611372,-1.7845058976872203,1.0,1.0
-4.087854166889925,1.394091342218038,1.0,0.0
-3.818514010214602,-0.5568725441830729,1.0,1.0
-4.387714907953532,-0.3731052806507125,1.0,1.0
-5.180786985418106,-0.5433032644073524,1.0,0.0
-6.173569426569554,0.6938087067101024,1.0,1.0
-5.124706373617423,0.5659443608710881,1.0,0.0
-5.432714448746632,-0.6268214664192738,1.0,0.0
-5.23434404176532,0.32237340242240026,1.0,1.0
-4.670029216237401,0.7458254910739042,1.0,1.0
-4.44322586787866,0.2539464726492957,1.0,1.0
-6.541974204516576,-0.26515626155082217,1.0,1.0
-4.838065848538035,0.08388210568049032,1.0,1.0
-5.351164406073076,0.5115991310118136,1.0,1.0
-4.408862861904591,0.2904223473699534,1.0,1.0
-6.412364819481043,-1.2634933429285482,1.0,1.0
-4.394728158703819,1.8788608419779311,1.0,0.0
-4.775026880553133,-0.861837674260699,1.0,0.0
-5.634780672372149,1.1730466026084236,1.0,1.0
-5.094710127832542,-0.25811483538466834,1.0,0.0
-4.779181605972848,-0.29830337823685094,1.0,1.0
-6.144857898904197,-0.5438126741767391,1.0,1.0
-4.751331725936956,-1.3770393786876491,1.0,1.0
-5.009147733886255,0.6435821164311946,1.0,0.0
-6.034469998217467,0.27443363692459716,1.0,1.0
-6.055477752312759,-0.44271519602487397,1.0,0.0
-5.716139245769172,-0.13921048880476514,1.0,1.0
-7.023857450662275,1.873852437110258,1.0,1.0
-4.774040264029356,0.029411498021226504,1.0,1.0
-5.711732956783194,-0.6571168117845667,1.0,1.0
-5.8725114495653905,-0.16484774815212888,1.0,1.0
-5.802123586825568,1.0842232615846117,1.0,1.0
-3.966385169750331,-0.07800758945539846,1.0,1.0
-5.6990263884388686,-0.9884710015235385,1.0,1.0
-6.041957241943816,-0.5444015193718522,1.0,1.0
-4.772101565647197,-0.06523012079606899,1.0,1.0
-5.399652157439589,-1.3553105295254297,1.0,0.0
-4.495275138020632,-1.040908953247176,1.0,1.0
-4.905994337693484,1.6161370630403251,1.0,1.0
-5.5035230702080975,1.9323676128079383,1.0,1.0
-3.945832493913647,-0.22385112475556343,1.0,1.0
-4.893417029766571,0.07028540129073953,1.0,1.0
-4.159651671538968,-1.42957272955562,1.0,1.0
-4.343745384028973,0.6286826404943111,1.0,0.0
-5.719151903290804,1.1026365873988708,1.0,1.0
-5.73877807501717,0.7022228602427547,1.0,1.0
-3.824643602869226,1.5569642893294797,1.0,1.0
-4.798050512928143,1.0825020032024344,1.0,1.0
-3.2656315377644454,-0.8367607479497388,1.0,1.0
-4.317808617073021,-0.0954691924411185,1.0,1.0
-6.086084596122401,1.9393052622797102,1.0,0.0
-5.053659390700968,-2.891166446335902,1.0,1.0
-6.000763719954914,0.9590501089892316,1.0,1.0
-2.400531778718264,-0.7279742829642347,1.0,0.0
-4.500250986054679,0.7095064943473434,1.0,1.0
-7.077703747011935,-0.9426964907241876,1.0,1.0
-4.423452538293251,-1.7232812152805097,1.0,0.0
-2.535357348161245,0.3610137167172067,1.0,1.0
-6.200892934604772,-1.7020348293223797,1.0,1.0
-4.838489826401545,-0.6856652317321403,1.0,1.0
-4.991177113112588,0.3505985605517145,1.0,1.0
-4.312074376476341,0.21502339155127725,1.0,1.0
-3.7373873632103742,-2.0744520725725395,1.0,1.0
-4.199864189334482,-0.6002668868117149,1.0,1.0
-4.072667491579974,0.3991839302973504,1.0,1.0
-5.745039815763178,0.1425585074772548,1.0,1.0
-6.10289971376182,-0.022594773757026006,1.0,1.0
-5.56276311704717,-0.25176937201274713,1.0,1.0
-5.845557891114322,0.9319023528285576,1.0,1.0
-5.566427851176238,-0.4379109881342936,1.0,1.0
-4.853664036549423,2.3184226624591697,1.0,1.0
-4.9887990450342095,1.3787345788576308,1.0,1.0
-3.219635951929866,-0.5910217852523257,1.0,1.0
-5.3514339926008025,1.0558804871994825,1.0,1.0
-4.98035326706938,0.6134827936805197,1.0,0.0
-5.8040134301296655,-0.4188077008591768,1.0,1.0
-4.990156922708449,-1.1407269075276711,1.0,1.0
-5.99717225713874,-0.22258268986859064,1.0,1.0
-4.424760404867694,0.3919188059574611,1.0,1.0
-5.504992770047298,0.1482617667201703,1.0,1.0
-5.8686745999976555,0.8512782632946797,1.0,1.0
-4.221334882761948,0.2640623477782116,1.0,1.0
-3.3600303545372645,-0.11109518724593766,1.0,0.0
-5.250300868623938,3.0306574659175167,1.0,1.0
-4.735009052062709,-0.6191793440345307,1.0,1.0
-5.269820253502609,0.0835746729922866,1.0,1.0
-4.495847214374382,1.264645276281406,1.0,1.0
-6.557993227932185,0.08475525160816627,1.0,1.0
-6.255982086535985,0.8106631998243327,1.0,0.0
-4.266632030579218,0.39150606078942385,1.0,0.0
-6.467424825765987,1.1167287608864263,1.0,1.0
-5.477557153121049,0.08698731554718522,1.0,1.0
-3.265163550616899,-2.195031491029785,1.0,1.0
-5.165159197962619,-0.32949451082805964,1.0,1.0
-6.642803444754672,0.01762676383067262,1.0,1.0
-5.11684785254139,0.46950099444535,1.0,1.0
-5.250651702716829,0.4479661692229497,1.0,1.0
-5.836616278944504,0.17298541982289192,1.0,1.0
-5.445956796051018,-1.0193698548232306,1.0,1.0
-4.939354875747252,-0.748759263387011,1.0,1.0
-4.45123382010789,1.203451360965163,1.0,0.0
-5.440713917142605,0.8688676449885235,1.0,0.0
-4.423322433703628,0.09242404455050865,1.0,1.0
-6.538993231903413,0.3791214901424293,1.0,1.0
-6.523865631010714,0.7538071797519612,1.0,1.0
-4.736514646349272,-0.1505562027060858,1.0,1.0
-3.840488518303105,-1.0719421420030866,1.0,1.0
-5.435115212218594,1.418124558866585,1.0,1.0
-5.073957680523522,-0.04635347461785618,1.0,1.0
-4.513954912261751,0.2896051857567422,1.0,1.0
-5.300112739718664,2.7740771215839977,1.0,1.0
-4.8886518199550535,-1.5623517078977447,1.0,1.0
-5.30207986659472,-0.9890479771578007,1.0,0.0
-5.005490000034044,0.07716141206935463,1.0,0.0
-2.406911179711383,-0.6486522905848778,1.0,1.0
-4.509570847219639,0.46602499972167766,1.0,1.0
-6.926051863602069,-1.5734510686909005,1.0,1.0
-4.109677155406073,-0.05037774355541732,1.0,1.0
-6.137820539185139,2.91681359704751,1.0,0.0
-3.9167168408554343,-0.10564608920024902,1.0,0.0
-4.364340609426704,-0.43563163980317804,1.0,1.0
-5.096279528858042,-0.6620105395909786,1.0,0.0
-5.432023036189681,-0.008171369166888815,1.0,1.0
-5.4511469999220985,-1.436819812601164,1.0,0.0
-6.683673303416962,-1.5428393307647552,1.0,1.0
-4.600928274219075,1.1087526098336724,1.0,1.0
-4.657942557814146,-0.48767182021208816,1.0,1.0
-6.232231334041212,-1.4656550342071157,1.0,1.0
-5.566806790383192,0.05006373414803963,1.0,1.0
-4.134023520040417,-1.0255243649864467,1.0,1.0
-5.042996564946726,0.1418460385789809,1.0,1.0
-5.741124848369712,-0.9385499707852321,1.0,1.0
-6.846211217687827,-0.5367177141608158,1.0,1.0
-4.909881382865703,0.6117274416615734,1.0,0.0
-5.091881821107387,0.34600686094121974,1.0,0.0
-5.547054014024273,0.08741019122408958,1.0,0.0
-3.9632561625136913,-0.9845448691468199,1.0,1.0
-3.5845572529478273,0.3608577571658794,1.0,0.0
-3.7583792173717994,0.814185649028753,1.0,1.0
-4.890896162198061,-1.3099942316271356,1.0,0.0
-6.647824167269101,1.1704168481700865,1.0,0.0
-5.304906991455544,0.5028998464665216,1.0,0.0
-6.054498597759627,0.06740763377111396,1.0,1.0
-5.515467307221514,-0.19497367967803222,1.0,1.0
-6.339249429346337,0.7022101988153509,1.0,1.0
-4.43456987215797,-1.05659841347274,1.0,0.0
-4.259548775841608,0.9774619346995759,1.0,1.0
-6.108943416971934,1.153878750966404,1.0,1.0
-3.429690731689793,0.8047459162985282,1.0,1.0
-4.240973170837475,-0.8814072887384138,1.0,1.0
-4.817552695816394,-0.23399484072740578,1.0,0.0
-5.3042200418388585,0.6468955058380397,1.0,1.0
-5.130471674955546,-0.6745914318278623,1.0,1.0
-4.361007778425904,-1.099759453188542,1.0,0.0
-4.641559023622623,0.07856604853026797,1.0,1.0
-4.948876461509363,-1.064671671587455,1.0,1.0
-5.1615407104698,-0.33411063746176506,1.0,1.0
-4.8231883822771735,0.9241968997170169,1.0,1.0
-3.8418784027649204,-1.618620190828756,1.0,1.0
-4.794629254154075,0.5222071777504951,1.0,0.0
-5.654757102771533,-0.7704784692270196,1.0,1.0
-6.818595454689272,-2.2641721021029424,1.0,1.0
-4.259918622082573,-0.32521440491918113,1.0,0.0
-4.405114815561299,-2.08166341128331,1.0,1.0
-3.1492760969300773,-0.5851691562577186,1.0,1.0
-4.047134806199397,0.9234898614411121,1.0,0.0
-4.275912410248085,0.5163162383851069,1.0,0.0
-3.8694896335149602,1.3162980349420559,1.0,0.0
-2.7535274318814063,-1.2678064275395962,1.0,1.0
-2.9472315523428625,-2.10142360454071,1.0,1.0
-5.47944295533367,0.9663288123578024,1.0,1.0
-4.661309713152142,0.5830174842781045,1.0,1.0
-5.5416093511360565,0.038461487025875735,1.0,1.0
-2.8436239398827747,0.07323436604175323,1.0,1.0
-5.051228845298061,-1.6577287710183866,1.0,1.0
-6.618997432050058,-1.1842971412333738,1.0,1.0
-4.636047988804961,-0.29951624971524493,1.0,1.0
-6.741118177552151,-1.0685929980915148,1.0,1.0
-4.386186155690492,0.29200811851559166,1.0,1.0
-4.64039654802416,0.377285251726297,1.0,1.0
-3.0253833856732846,0.18703572906961502,1.0,1.0
-4.3341349989279285,1.8803138164769544,1.0,1.0
-2.598313534513533,1.0776943972583435,1.0,1.0
-6.271687490266546,-0.6047682224742056,1.0,1.0
-4.043096149683984,0.788507129060477,1.0,1.0
-5.779353624192112,-1.012017361595628,1.0,0.0
-4.8591888407225365,-0.9219238036308439,1.0,1.0
-5.452736476804963,-1.0430401409332613,1.0,1.0
-5.716823200222159,0.31346310879135075,1.0,1.0
-4.238955453901518,1.2518810307609887,1.0,1.0
-6.329163358197732,0.545878236767889,1.0,1.0
-7.047605024932025,-1.3524577887838907,1.0,1.0
-5.507443627707059,1.2924632524407773,1.0,1.0
-4.066916153129521,0.8617093331610818,1.0,1.0
-5.169480030221551,-1.727430556939731,1.0,1.0
-4.664867434883966,0.45315414541235605,1.0,0.0
-6.174412558393644,2.2084057941724042,1.0,0.0
-5.253730181715989,-1.0879615949493042,1.0,1.0
-5.810616168419389,-0.0258374763322287,1.0,1.0
-4.666247236409395,-0.1545598804598917,1.0,1.0
-6.1845603486727425,1.0747815122794047,1.0,1.0
-5.328993900118826,-1.6562815525489425,1.0,0.0
-5.594288515135759,0.24817630997397958,1.0,1.0
-3.2002701534930447,0.49272352187940516,1.0,0.0
-4.091675242857124,0.33495448031190045,1.0,1.0
-6.497979017463581,-1.2396884082095785,1.0,1.0
-4.993689136857455,0.013168793841871688,1.0,1.0
-6.437624665592992,-2.241807703512842,1.0,1.0
-3.472850803852242,-2.082570120794878,1.0,1.0
-4.769608445726529,-0.3617719137746037,1.0,1.0
-4.53331236064062,0.4154443371983395,1.0,0.0
-4.742671158611241,-0.7090879766590517,1.0,1.0
-5.796551487517962,1.4158732272346042,1.0,1.0
-6.446999763025499,1.3476153389371055,1.0,0.0
-4.439870112770612,1.5139858492691183,1.0,1.0
-4.972505514417862,-1.5940998760187572,1.0,1.0
-4.010388487289213,1.6159116615553855,1.0,1.0
-5.424564313195743,-1.457053399821863,1.0,1.0
-4.995033906998448,1.45542454477203,1.0,0.0
-4.906497663406621,-0.3022462256404168,1.0,1.0
-4.7451881342888065,-0.6964398354424826,1.0,1.0
-3.1660570723360077,0.9124714124694039,1.0,1.0
-4.861946846367804,1.0135200349643783,1.0,1.0
-5.99408207234195,0.04526112576407964,1.0,1.0
-4.163413619691484,-1.5436003240369738,1.0,1.0
-4.93596822572674,-0.7779877899988905,1.0,0.0
-3.5551047816555585,0.7753268458294991,1.0,1.0
-4.363173853963694,-0.024437829161156666,1.0,0.0
-2.7822737850736856,0.874864771777635,1.0,0.0
-3.7146354337950838,-0.7768177968485628,1.0,1.0
-6.03512283697606,-0.28551943548944614,1.0,1.0
-3.4982619558651593,1.5759423481242916,1.0,1.0
-3.7710996840185276,-0.20572088056041427,1.0,1.0
-4.599912318627818,0.44932922759562327,1.0,1.0
-5.501283109975518,2.2629888562635774,1.0,1.0
-3.9792769651380175,1.2398742548744637,1.0,0.0
-5.6425196518301854,-0.037473885933132126,1.0,0.0
-4.836557801815136,-0.07837188485939868,1.0,1.0
-4.7803933320526815,-0.7898540481834194,1.0,1.0
-4.81349436131667,1.7053803655743751,1.0,0.0
-7.679224164556803,-0.7759642212255483,1.0,1.0
-5.809396148074952,-1.6880951967278899,1.0,1.0
-4.2437350503242195,-0.6807220466546747,1.0,1.0
-3.4178035902980097,-0.7975397445062465,1.0,1.0
-3.9388016566823367,0.9407547201919846,1.0,1.0
-5.0375616141428035,-0.007324714858118608,1.0,1.0
-3.585144498302223,-0.40127421801463975,1.0,1.0
-5.588855305165279,1.087115668658205,1.0,1.0
-3.987256067141205,-1.6550365053724032,1.0,1.0
-6.281973748334606,0.9673636973121176,1.0,0.0
-4.294175573076265,1.2895817388332886,1.0,1.0
-4.959641416385767,0.46759789338751306,1.0,1.0
-5.996858422512377,0.16473338592949777,1.0,1.0
-5.115697754381162,-0.32366925184067197,1.0,1.0
-6.157634918795694,1.5030802858220838,1.0,1.0
-6.770928890038682,-1.4208631583005802,1.0,0.0
-4.64033712983798,1.4924503501570687,1.0,1.0
-4.985586555283799,0.35388174259344907,1.0,1.0
-6.296008281397683,-0.06827551875464287,1.0,1.0
-4.503679398514594,0.2683612364744374,1.0,1.0
-5.969321978448638,1.4149457977932711,1.0,1.0
-4.155953566718203,-1.0708856013237225,1.0,1.0
-4.886439889958833,0.6057044592789244,1.0,0.0
-6.150696233086561,-0.4173492318769604,1.0,1.0
-5.84423134195683,-1.975508419760619,1.0,1.0
-5.464068430814944,0.08050321190787164,1.0,1.0
-6.624291671997454,-1.2694536527365667,1.0,1.0
-6.037514520661484,0.0012894099253463506,1.0,1.0
-3.27764276002422,-0.4045213173298739,1.0,1.0
-3.9020664689841262,-1.3966212148735413,1.0,1.0
-4.754057352775986,0.21791252878703674,1.0,1.0
-3.9783742975854475,1.8002861855545096,1.0,1.0
-4.591546186806149,1.3445634154975143,1.0,0.0
-4.87484241817604,-0.32252376899127266,1.0,1.0
-3.8953354204939377,0.7896100462546105,1.0,1.0
-6.585974312178587,0.5181237539905489,1.0,0.0
-5.8044791905435815,-0.6314796055970116,1.0,1.0
-3.1282511889260904,-0.33073397296879936,1.0,1.0
-3.7961608018945343,-0.2313703347158477,1.0,1.0
-4.890548428771915,2.3139860401790067,1.0,1.0
-5.8991291641904935,-0.06320024576382834,1.0,1.0
-4.147020838787562,-0.3645755736122083,1.0,1.0
-5.652279216727639,-0.14671484597829285,1.0,1.0
-4.1136321448445266,0.9862844982054221,1.0,1.0
-5.6119134642649415,-1.506527729968559,1.0,0.0
-4.664755769622915,0.5045218296483136,1.0,0.0
-4.240951230545768,-0.07188004823166085,1.0,1.0
-4.828413875838344,-0.22394500720405125,1.0,0.0
-5.2950230637706435,-2.1061125931155775,1.0,1.0
-7.053898699362209,0.5188406717897277,1.0,1.0
-5.566673937641516,1.2450120218064884,1.0,1.0
-6.018451302991469,1.2367810153266208,1.0,1.0
-4.481399347395745,-0.8321408714078885,1.0,0.0
-4.283536268259747,1.016520424183969,1.0,1.0
-7.16975272972658,-0.6023664456492753,1.0,1.0
-5.758080960575261,-0.5629714506985406,1.0,1.0
-4.7500792257981495,-0.7986204436630471,1.0,1.0
-5.061407047589417,0.2592814397634283,1.0,1.0
-4.983985331755399,0.5266807575650981,1.0,0.0
-6.417701914608621,0.4375978513377918,1.0,1.0
-4.454979017709869,0.512238893639757,1.0,1.0
-3.9770076790283238,0.08194595868294394,1.0,1.0
-6.611846050470539,-0.18426639561877123,1.0,1.0
-5.097572286952764,-0.2967269450740896,1.0,1.0
-5.838462837359603,-0.0723347967967121,1.0,1.0
-5.534232950931976,0.49252341485989004,1.0,1.0
-4.923718476262395,-1.5623401866883218,1.0,1.0
-4.433914292105746,0.8864712035487778,1.0,1.0
-3.8626550076349284,-0.9844183787744342,1.0,1.0
-5.986465429603893,1.333470536765627,1.0,1.0
-4.49136058615421,-0.41675812322393774,1.0,1.0
-5.703278881321443,-0.12773321578294342,1.0,1.0
-6.689996038955334,-1.2560443022296242,1.0,0.0
-3.5725810237112556,-0.12337286092770935,1.0,1.0
-5.491374678074857,-1.157159166710515,1.0,0.0
-4.528708566442171,-1.5992833960988466,1.0,1.0
-5.412589582205311,-0.10338114748542854,1.0,1.0
-5.964732673223427,0.3670192580921975,1.0,1.0
-4.389741557065537,0.6396464603333359,1.0,1.0
-3.809214638490408,0.4016916933892972,1.0,0.0
-6.270480526685556,-0.04658250005052318,1.0,1.0
-5.079822188147865,-2.669276124912215,1.0,0.0
-5.341864250342081,-1.506317984705276,1.0,1.0
-4.240154057493166,-0.9338075277475293,1.0,1.0
-4.268315077758521,-0.06221196206009118,1.0,1.0
-6.0718203311060845,1.2525994943576606,1.0,1.0
-5.498274796450329,-0.5643178642846761,1.0,1.0
-5.7817633844015575,-0.8649394080056847,1.0,0.0
-4.665625445581189,-0.18347585656503515,1.0,1.0
-5.194376041629266,1.6175717416548114,1.0,1.0
-5.9864880702434675,-1.696596107998703,1.0,0.0
-5.333002566427888,-1.6629934802022162,1.0,1.0
-5.264034907311283,0.38801408090698447,1.0,1.0
-5.45692056540143,-0.0007712867107671241,1.0,1.0
-3.7393728100663877,1.3338548143506461,1.0,1.0
-5.854582412395794,-0.6936692368428861,1.0,1.0
-7.946340269466788,0.5681543802324237,1.0,1.0
-5.5891401180275935,0.8188390363396776,1.0,1.0
-4.137677907480569,2.379290364006208,1.0,1.0
-4.60562315671161,1.3065870924400338,1.0,1.0
-4.914975498689053,-0.5522436163081672,1.0,1.0
-4.905298100603787,-0.07027034310281031,1.0,0.0
-4.149003229261744,0.11477042478725454,1.0,1.0
-4.559356613460851,-0.4962244658932463,1.0,0.0
-5.033863230559075,0.5396252201426477,1.0,1.0
-6.65682500600486,-0.32149862671436175,1.0,0.0
-5.0879678504413155,0.48376976889402995,1.0,0.0
-7.089763470565334,0.23122118322301294,1.0,0.0
-5.954685099238368,0.6035806256621024,1.0,1.0
-4.835434090843282,2.0348110345717694,1.0,1.0
-5.4309849307523,0.07939955309169693,1.0,1.0
-6.258545015624191,0.06669824167822505,1.0,1.0
-5.1117354288578785,-0.5140781625401065,1.0,1.0
-6.020999493610715,0.19585393262708056,1.0,1.0
-4.526460074801775,-0.9218337835848593,1.0,1.0
-3.2396958430385903,-1.9161100905688793,1.0,1.0
-5.255340803661949,0.4012807883383373,1.0,0.0
-4.4867302754693315,1.8787590066546305,1.0,1.0
-6.409980860037962,-1.1620688374507144,1.0,1.0
-2.634483926373967,0.9230374021410513,1.0,1.0
-4.7087103970801145,2.452470651394031,1.0,1.0
-8.527911885691193,0.3936748537322797,1.0,1.0
-4.4980370743800435,-0.2453090881888694,1.0,1.0
-4.701757440388237,0.5248663825639138,1.0,1.0
-4.256989765257165,-0.21468617853525102,1.0,1.0
-5.112618264001261,0.6427415380344172,1.0,1.0
-6.31105711630482,0.45672814184618316,1.0,1.0
-6.576054132480603,-1.1978913397384352,1.0,1.0
-6.215925744223975,0.6346952906758675,1.0,0.0
-1.6689737085717278,0.9548754160392696,1.0,1.0
-5.405199088151824,0.5669128347701989,1.0,0.0
-3.377008393723938,-0.34825383314182595,1.0,1.0
-6.225064931342114,0.4912531816734796,1.0,0.0
-5.676341559337399,-0.913563194855488,1.0,0.0
-5.552376229982878,-1.0799679756070026,1.0,1.0
-4.88400906034846,-0.7354755483929446,1.0,1.0
-5.037741849505733,-0.1351167028436017,1.0,0.0
-5.345984024200381,-1.5161204043360412,1.0,0.0
-4.831382052968775,1.4344021774049505,1.0,0.0
-4.915981878752398,-0.8551292806855476,1.0,0.0
-3.5056812547181506,-2.785487769240306,1.0,0.0
-5.749751785785043,1.4312973766748627,1.0,1.0
-5.186980754893527,0.5561359941259209,1.0,1.0
-5.056234647289216,-0.5108374500157691,1.0,1.0
-5.120852508378115,-1.0434349344130582,1.0,1.0
-6.133615399538101,-1.9345615890589425,1.0,1.0
-4.449449344481438,-1.7252425143651766,1.0,0.0
-4.809464189646158,-0.16990669748359088,1.0,1.0
-3.725576504839494,-0.6928462793068851,1.0,1.0
-7.42207596244106,0.028338924789088366,1.0,0.0
-4.323252124279591,-0.888198423236589,1.0,1.0
-3.4932248151179994,0.5686383285076122,1.0,1.0
-4.494987020965281,0.8566647551726494,1.0,0.0
-5.337290048849385,-0.06677366136150777,1.0,0.0
-5.452556144532423,2.1438237634871657,1.0,1.0
-4.735641526429485,-0.920875141923727,1.0,0.0
-4.972410488858387,-0.7346050920792935,1.0,0.0
-4.3789134940967385,-1.6892003151033557,1.0,1.0
-4.667196972644083,0.8514208026929976,1.0,0.0
-5.336124138378811,0.35804689824178826,1.0,0.0
-5.300089130135082,-2.3348238179367096,1.0,1.0
-5.400080431892014,0.06840918674988987,1.0,1.0
-6.527918877541974,-0.059803488791725604,1.0,0.0
-3.753579085791472,0.5306076989770827,1.0,1.0
-4.814007840973783,0.4020004584369046,1.0,0.0
-3.7206593352779094,0.9373489995006075,1.0,1.0
-3.7947183444567667,0.964697733573959,1.0,1.0
-5.4422908626188855,-0.07955348336168423,1.0,1.0
-5.347824603789244,-0.8943909147754988,1.0,1.0
-6.850929798624152,0.9492949110977738,1.0,0.0
-3.518065341134227,-0.8439781614334513,1.0,1.0
-3.9621964364548,0.9828453475564515,1.0,1.0
-2.939746816817314,-0.5040436882143035,1.0,0.0
-5.878846710857793,0.6529120131878086,1.0,1.0
-6.2104216061768005,-0.3520126575463127,1.0,0.0
-6.6216184309375965,-0.858245394893009,1.0,1.0
-6.258065529764985,0.20970537097959263,1.0,1.0
-5.665660403353045,1.5917674932875499,1.0,1.0
-4.417130727457907,-1.0260015875192063,1.0,1.0
-4.712434984868837,0.1773752141338297,1.0,0.0
-3.7197634645077544,-0.5946569047537026,1.0,1.0
-5.169844370252017,0.12344899138617631,1.0,1.0
-5.472570365556406,-0.6483445859685044,1.0,1.0
-5.467442276232962,0.20025839172479135,1.0,1.0
-4.785500396677442,0.9240209543433142,1.0,1.0
-4.040562567544223,-0.8071931562808397,1.0,1.0
-4.985253782536778,0.5516723335916734,1.0,1.0
-5.463904714767278,1.2641789955491585,1.0,1.0
-6.383138568782596,0.1520886864159139,1.0,1.0
-5.764609102748697,-1.5193895979235725,1.0,1.0
-5.658132785656726,-0.16862976594444096,1.0,1.0
-5.187350733392104,-0.8023801940536652,1.0,1.0
-3.8130638868333984,-0.6709565559901133,1.0,1.0
-6.425243061289921,-0.5317664803260597,1.0,1.0
-6.376627213878668,-0.5779457409772996,1.0,1.0
-4.453894632712736,1.380884641157137,1.0,0.0
-4.137013279946404,1.1018852510667638,1.0,1.0
-5.013620695024994,0.35076131629857343,1.0,1.0
-4.457601114618845,0.631515557217384,1.0,1.0
-3.3379832012522055,-0.9444766843498659,1.0,1.0
-5.1238470546487145,-0.625634839106205,1.0,1.0
-4.7524959440370065,-1.2615933716791219,1.0,1.0
-6.17789122320181,0.11706105716625136,1.0,1.0
-4.053396621408679,-1.200552911990045,1.0,1.0
-4.836031318533719,-1.2828384757032336,1.0,1.0
-4.945318256469573,-1.0490974055786597,1.0,1.0
-5.845314856923628,1.47347875777801,1.0,0.0
-3.6349588803322908,-0.22204399667643876,1.0,1.0
-6.557636366046609,0.862975192111567,1.0,1.0
-5.7597805642198585,1.8343667923107763,1.0,1.0
-7.191825309434238,0.40757147736682964,1.0,1.0
-3.7153594970574684,-0.26437560783866854,1.0,1.0
-5.29494864926673,0.4233515773318853,1.0,1.0
-6.77654559631873,0.32837885621421037,1.0,1.0
-5.752220908548327,-1.4676061870396524,1.0,1.0
-5.9781115888420455,1.0561795767618596,1.0,1.0
-6.893381427987968,-2.293612041269661,1.0,1.0
-5.204798230264344,1.170902579151229,1.0,1.0
-5.59464661452149,-1.0209094567729269,1.0,0.0
-4.588029365003579,-0.6442645068915953,1.0,1.0
-5.211597866380462,0.0786125796359575,1.0,1.0
-5.16159474786286,1.1098522537216564,1.0,1.0
-5.2279181648953585,-0.30601530833775625,1.0,0.0
-6.637192104062869,0.08015390575552489,1.0,0.0
-4.57986965353155,-0.9796816360993447,1.0,1.0
-4.12242343341077,0.5440775456766054,1.0,0.0
-4.893903846649186,-0.30739847326783837,1.0,1.0
-3.962283050586272,-0.019542356391603496,1.0,1.0
-4.975627869208054,-0.5806981899334762,1.0,1.0
-5.594356217454581,-0.49493989263554866,1.0,1.0
-5.188394583437752,-0.10720626038572792,1.0,0.0
-6.677145763495769,-1.5502400037104265,1.0,0.0
-3.5397640471720484,-0.7063261074618319,1.0,0.0
-5.394501786461732,-0.8911631501686589,1.0,1.0
-4.212301018123233,1.063966161192783,1.0,1.0
-3.5431166667987366,0.08420825293292888,1.0,1.0
-6.667948485094607,-1.3553966934450814,1.0,1.0
-5.437672948610112,-0.9115083974596567,1.0,1.0
-4.6043569677705785,-2.2500705015018507,1.0,1.0
-4.655595847458687,-0.29225530698487484,1.0,1.0
-6.194246922722601,0.35897683181270723,1.0,1.0
-5.125194941710125,-0.19440781788865116,1.0,1.0
-3.1094761886454396,-1.7443111631264663,1.0,1.0
-2.768301410532213,1.1993387616962026,1.0,1.0
-3.775686583837781,-1.3591382830757213,1.0,1.0
6.1602683356238925,-0.012383662288288346,0.0,0.0
3.941213111357567,0.935930683665033,0.0,0.0
4.773067574203081,-0.5641944151449466,0.0,0.0
3.984797085410639,1.013958377404513,0.0,0.0
5.568394961515655,-1.8699724222785936,0.0,1.0
4.4489022255347095,-0.9950395201374762,0.0,0.0
4.104272104445202,-0.1411561885143705,0.0,1.0
4.477353292892358,1.4656892383894664,0.0,0.0
6.18451533917571,0.11903915726195922,0.0,0.0
4.72580647956447,0.31193647465750224,0.0,0.0
4.086741125752378,-0.7221577217050404,0.0,0.0
2.879413585678007,0.28685755241265193,0.0,0.0
4.117442289890654,1.8275833523170324,0.0,0.0
5.326388639380352,-0.7335207313786362,0.0,0.0
4.451479284894355,0.3756059633874332,0.0,0.0
4.687810014994854,0.6017013489268613,0.0,0.0
4.6450502148928745,-0.7602311846806923,0.0,0.0
4.058155488816695,1.0282471652889333,0.0,0.0
6.291231447135932,0.5466615780217029,0.0,1.0
4.421685851529594,-0.9134538991909251,0.0,0.0
5.676180529230917,-0.415400768344557,0.0,0.0
4.719139715223979,-0.3611970019789678,0.0,1.0
4.350245667318142,-0.0013968635766900537,0.0,0.0
4.731497457163119,0.49299942946034747,0.0,0.0
2.9748876780318425,-1.7341406966097086,0.0,0.0
3.9091092842720268,-0.31090976277926013,0.0,1.0
3.431786491429714,2.3430131033349144,0.0,0.0
5.145005963771989,-1.4458326072112997,0.0,0.0
4.781554728049016,0.3881877467404891,0.0,0.0
4.353561413236485,-1.1571107667348506,0.0,1.0
6.440717641881726,0.22827781882103643,0.0,0.0
6.277290443063485,-0.9178334756544201,0.0,0.0
4.871907468813158,0.8963059525063131,0.0,0.0
5.985333767636596,1.3128361344911998,0.0,0.0
3.9098407601217957,0.4947685965226154,0.0,0.0
6.253986278831928,1.0683528379230722,0.0,0.0
5.02430086190943,-1.6581033287287312,0.0,0.0
2.844946840193001,0.4270101770992351,0.0,0.0
8.025103441143836,-0.18004247731835787,0.0,0.0
3.9085571700910497,0.7508002791318963,0.0,0.0
4.616127317454872,-1.1229771999969487,0.0,0.0
5.704893783035761,0.09462815358581521,0.0,0.0
4.443898450201454,-0.22625904033310643,0.0,0.0
5.6741927039275915,-0.4122829813257979,0.0,0.0
6.583193616631727,-0.5006963752458118,0.0,0.0
4.912117002444379,-0.7938769460515064,0.0,0.0
5.535899102810743,0.013410320610154337,0.0,0.0
5.419764545517664,0.6298093054829361,0.0,0.0
4.441420849809328,1.9212225454289165,0.0,0.0
5.416795851163446,1.449462815218648,0.0,1.0
5.22073032833183,-1.1567268279538634,0.0,0.0
6.219046591532589,-0.5744418600546578,0.0,0.0
4.171465622297297,-0.4670909651008641,0.0,0.0
6.026495630203719,1.213578359575479,0.0,0.0
5.360401349224774,-1.3503509311789403,0.0,1.0
5.641782262551998,0.35818986206697273,0.0,0.0
4.963238056764526,2.2082927861240176,0.0,0.0
2.6862587880021054,0.12141145998334743,0.0,1.0
5.613191014625415,-0.5746019316859351,0.0,0.0
5.514735759107153,-0.08806104900593953,0.0,0.0
6.556520846391602,-1.173500362577919,0.0,1.0
6.124715514544873,1.3472715478957904,0.0,0.0
4.177866955173028,-0.46415737141106495,0.0,0.0
6.787376332514808,1.215854361400014,0.0,0.0
3.86334681365755,1.6642759988827962,0.0,0.0
4.243798018022891,1.9249073993905612,0.0,0.0
5.4904958241237125,0.19651571227680245,0.0,0.0
5.259327520775369,0.4984232707309431,0.0,0.0
5.548726828562387,-1.0757887301977749,0.0,0.0
4.599731173901782,0.949868031268621,0.0,1.0
5.2615815272145126,0.990796606938196,0.0,0.0
6.113830889461288,0.839737759490612,0.0,1.0
3.637992479909359,-0.6805596760061687,0.0,1.0
4.3972111945117565,1.993687376951716,0.0,0.0
4.775792132519514,-0.937795749898552,0.0,0.0
4.5581453976805495,-1.8997395321599608,0.0,0.0
5.6528332198850615,-2.2391371682317085,0.0,1.0
7.475257771219825,1.6214023329189469,0.0,0.0
5.163130676147459,1.4171361096891386,0.0,0.0
4.138340598265271,-0.6983107930597151,0.0,0.0
4.148044301212743,0.7943889633374884,0.0,0.0
3.0784301101593368,0.855398784444924,0.0,1.0
6.005188110675238,-1.265108771676352,0.0,0.0
5.86131237449838,0.5317062286257467,0.0,1.0
5.775430511869605,-1.4219167354424251,0.0,0.0
5.306364974129267,-0.8469007608178962,0.0,0.0
4.716748216094712,-0.6899097295376498,0.0,0.0
4.98594703129561,0.8154038287560624,0.0,0.0
4.523486108593432,0.6837156014770572,0.0,0.0
5.553062904236717,-1.059788656694499,0.0,1.0
5.4678909101001,0.23294829843146758,0.0,1.0
6.306716014069858,0.16730964064678233,0.0,1.0
5.444280980783931,-0.19570353900844958,0.0,0.0
5.31917628630716,-2.285716374447692,0.0,0.0
3.822963459480397,-0.6344282429863118,0.0,0.0
4.937242507592879,1.6371452667952209,0.0,0.0
6.412543950566198,-3.154906742622388,0.0,0.0
4.652186830398076,0.4496456650451349,0.0,0.0
5.372625866126359,-0.6816202993018338,0.0,0.0
5.4462097956233535,-1.2825833236954558,0.0,0.0
6.443720968677756,-0.014816203275878882,0.0,0.0
5.085339523338877,-0.3015465015045712,0.0,0.0
5.363791364372786,-0.7255291018056924,0.0,0.0
4.679297353069062,-0.2159691005248636,0.0,0.0
5.253351360860242,-0.8138944044720736,0.0,0.0
4.220904425216112,-1.4872415202681637,0.0,0.0
4.918584787258789,-1.0209261229949145,0.0,0.0
3.4136673493451686,-2.9063249398568285,0.0,0.0
5.005360809065721,-0.38287011442739705,0.0,0.0
3.857471967733817,-0.17971992743405737,0.0,0.0
6.356587989920343,-1.516819711430271,0.0,0.0
5.4110339806213625,-0.5935685895006481,0.0,0.0
4.629142469521274,-0.13480096874645686,0.0,0.0
5.176890638773257,0.886941356788253,0.0,1.0
5.23940504422102,-0.38294571372200814,0.0,0.0
6.662927564772915,-0.4643945293568086,0.0,0.0
5.887900465301645,0.8548748605619813,0.0,0.0
4.321881548012987,0.4994921501289317,0.0,0.0
7.09745184394497,0.18160978360342947,0.0,0.0
6.139676492939224,-0.14409563200437284,0.0,0.0
5.375624729433659,-0.34143817563979045,0.0,1.0
5.235909527813328,1.3680917548845632,0.0,0.0
5.31448382836837,0.2968240049179996,0.0,0.0
4.538874714749684,1.176978834800202,0.0,0.0
6.5976370008103755,-0.873792673301824,0.0,0.0
6.719060975130513,0.5345140172899595,0.0,0.0
5.878853960307989,-1.2236123841237774,0.0,0.0
5.01962478282779,1.2603488192331418,0.0,0.0
3.4807067204635778,0.16285357725130822,0.0,0.0
3.367829688388581,-1.245502939333914,0.0,0.0
4.15956885414208,1.978890962059899,0.0,0.0
4.625309752671261,-0.2675930167653836,0.0,1.0
3.8792434630761763,-0.8749506485522273,0.0,0.0
5.7041360708015905,0.5418025567095046,0.0,0.0
5.114089391984425,-0.3798283405009865,0.0,0.0
4.73523123879451,-0.14840459657809468,0.0,1.0
6.511313263522019,0.6511505463249936,0.0,0.0
5.997799440487672,0.9668989817778151,0.0,0.0
6.599323523303994,0.037242518367109505,0.0,0.0
5.041094738930535,-1.5940251781333195,0.0,0.0
4.764858904339306,-0.4779784099673365,0.0,0.0
5.053318649722126,0.9139568278625521,0.0,0.0
5.707609576381161,-0.532590793723739,0.0,1.0
6.754659600609759,-0.30250891812035513,0.0,0.0
5.284808928511135,0.850075560396666,0.0,0.0
5.700519650658927,0.9952417652896809,0.0,1.0
3.757759791011641,-0.7697184863164261,0.0,0.0
4.56539416458644,0.5218270898046488,0.0,1.0
4.290675740369369,0.3369384873971805,0.0,0.0
4.255226619116522,0.7443095991113003,0.0,0.0
4.696743760273931,0.4283655745786414,0.0,0.0
5.637081512113116,-0.9558165569974556,0.0,0.0
4.241553296896242,-1.294428773104123,0.0,0.0
4.710280154152577,-0.16397662329757812,0.0,0.0
5.375114785830429,-0.7871888285465748,0.0,0.0
5.892386252580037,0.9258750877082768,0.0,1.0
6.971059676356006,-0.6420297053672367,0.0,0.0
4.677678877816089,0.17232907221895413,0.0,0.0
4.320213574471193,-0.43815931607212627,0.0,1.0
5.469011813391567,-0.5175033938454185,0.0,1.0
4.600748670560758,1.7031869464574134,0.0,0.0
4.401083306958974,-1.6771510969675163,0.0,0.0
3.6537501113702433,-0.58334161339496,0.0,0.0
5.7356839120202965,-0.034444133978701386,0.0,0.0
6.425924284344646,0.0014019884845606347,0.0,1.0
4.944882127555228,-0.8753806082417054,0.0,1.0
5.254778025950698,0.029057504737028946,0.0,0.0
5.740335684199114,-1.9356796035481645,0.0,0.0
3.5682955754806587,0.41277325435855916,0.0,0.0
5.620468386120913,0.24270872844428687,0.0,0.0
5.575793313329608,0.9147808142707922,0.0,0.0
4.251870130316714,-0.23119024172623762,0.0,0.0
4.212491348906188,0.2026913199302675,0.0,1.0
5.6837422836012665,-0.7816614465724722,0.0,0.0
4.902573181950907,-0.2568303907052438,0.0,0.0
5.470389435660882,-0.6900438276246097,0.0,0.0
6.012222597910695,-1.3318915564765286,0.0,0.0
3.6321088807684863,-0.35116605762369213,0.0,0.0
5.386949789519414,1.5694097129176552,0.0,0.0
3.555563137337893,0.30979813068575224,0.0,0.0
3.9692055556269734,0.5771010892036039,0.0,0.0
4.836815316715745,-1.588659011119548,0.0,0.0
5.558983535915251,0.38501413089482606,0.0,0.0
5.130402301897448,-1.004453032599569,0.0,0.0
5.877763774418591,0.7051335713325394,0.0,0.0
4.434334358247297,0.864789236181917,0.0,0.0
4.983411492614443,-0.19534795612160502,0.0,0.0
6.934072722482093,-0.48567102043215254,0.0,0.0
2.4013260662106637,-0.6378957802199045,0.0,0.0
5.226375760847009,-0.1984555483743098,0.0,1.0
6.141219424042859,0.08856536319666238,0.0,0.0
5.600379160241241,0.6707866341925821,0.0,0.0
5.23626752949534,1.841750113412595,0.0,0.0
3.649468163520356,0.4565088127133309,0.0,0.0
4.069467398732887,-0.8741592797905475,0.0,0.0
4.773230507781521,-2.0255635782342196,0.0,0.0
3.776848502245629,1.8000325491172018,0.0,1.0
3.7807216003067947,0.6401105755247964,0.0,0.0
3.8261500910318555,-0.21731373902193385,0.0,0.0
6.6437646921413,1.3091648693248334,0.0,1.0
5.033288007608487,-0.3752844622357046,0.0,0.0
5.184220477034947,-3.3611593873334358,0.0,0.0
6.433986426043101,0.05114063207324568,0.0,0.0
5.374347130310043,0.5773924801725613,0.0,1.0
5.653068698555963,1.1007140831249282,0.0,0.0
4.511729097193097,-0.2515829171350849,0.0,1.0
4.365270627641082,-0.19038565871130433,0.0,1.0
5.642910483826726,1.3904533134320194,0.0,0.0
4.385396883157973,0.3283168989136333,0.0,0.0
5.673837408652041,-0.8665565135905853,0.0,0.0
4.894981045803026,-0.7825100510743848,0.0,1.0
5.300495762894251,-0.6691078388854698,0.0,0.0
4.797820461129108,0.6702842443488481,0.0,0.0
3.596270424365746,-0.4315151740042382,0.0,0.0
4.68566831981574,0.6068968227907073,0.0,0.0
6.0856103025565025,-0.5805536823788923,0.0,0.0
3.8391359923950077,-0.8198003581067579,0.0,0.0
4.6623386632918296,1.8107958503798918,0.0,0.0
5.0577570764901445,0.006290580652069999,0.0,1.0
5.186032937289673,1.1496514281435792,0.0,0.0
5.47170106294104,-0.12823339779255968,0.0,0.0
5.357700430351889,0.004312452204610865,0.0,0.0
5.887312169917632,0.9974762097701334,0.0,0.0
6.559571676146701,1.7797729756405858,0.0,0.0
4.263082694227826,-0.24213655381873683,0.0,0.0
6.233786842638337,0.5132997250939981,0.0,0.0
7.083588630515565,1.5410580009470263,0.0,0.0
3.4193491331778536,1.563727213546935,0.0,0.0
3.504212398239228,0.535982984316537,0.0,0.0
4.672918780141108,-0.675383340925182,0.0,1.0
5.089665699440564,-0.8776905511042864,0.0,0.0
5.462257837507523,0.35906440163878256,0.0,0.0
6.216246507958604,1.712762468447364,0.0,1.0
6.017951668348996,-1.1158901939973966,0.0,0.0
5.146152512220638,-0.38375807708199555,0.0,0.0
5.031563200828648,0.10854483322856147,0.0,1.0
5.7620075256350525,-1.841068600945559,0.0,0.0
5.658537996821637,-1.7179851508595785,0.0,1.0
3.563998846522371,-0.8468952963424925,0.0,0.0
4.334186754304712,0.1763916978069237,0.0,0.0
6.191435466189912,0.9403631061098694,0.0,0.0
5.816584856686882,-1.4067944564497872,0.0,0.0
3.9388703408394883,-0.46520062814207436,0.0,0.0
6.05630943905569,0.7648704157189561,0.0,0.0
4.455318393376365,0.33768409013424516,0.0,0.0
4.66286740515155,-0.4682876181447857,0.0,0.0
5.79279608852198,-2.0094278574850954,0.0,0.0
5.551650190188397,-1.1337377704951477,0.0,0.0
3.7133734130387537,0.9511426795826303,0.0,0.0
4.49822057627917,0.31799669235998324,0.0,0.0
5.151046787148739,-0.17283294546611425,0.0,0.0
5.509180348467979,-0.22883793433992874,0.0,0.0
5.2685218791613275,0.5433316053932594,0.0,0.0
5.041006078254407,-1.7144801617644587,0.0,0.0
5.368288454398349,-0.2523028485806122,0.0,0.0
4.685041854300484,0.35294086182563533,0.0,0.0
4.326122268139659,1.711085914444794,0.0,0.0
5.53691792971621,-0.9727739765051434,0.0,0.0
4.946055091603751,1.4594562022512607,0.0,0.0
5.818590739900784,-0.7257470512859842,0.0,0.0
3.639891446794582,0.2008221081421293,0.0,0.0
4.494692134438059,-0.9409738245292585,0.0,0.0
5.041057055618645,-0.3669926951034363,0.0,0.0
4.410705911693999,-0.3603154709988343,0.0,0.0
4.688046249668243,-0.586317557793671,0.0,0.0
2.8039073530855108,2.512558453559643,0.0,0.0
3.85954910108262,-0.41008379377861154,0.0,0.0
5.276616865132073,0.8895871087246373,0.0,1.0
5.132666279640045,0.17318832642264106,0.0,0.0
5.212295592474706,-1.883956342451698,0.0,1.0
5.680230037348081,-1.4500107243967557,0.0,0.0
5.743531221514171,0.5446210670669545,0.0,1.0
6.062566263293402,-0.05570874668925208,0.0,0.0
3.2613887978345586,-1.7314328994388026,0.0,1.0
7.895529931568131,-2.7461419209878666,0.0,1.0
4.740490077215066,-0.8199081043697257,0.0,0.0
3.937720296705418,1.8794875802719349,0.0,0.0
5.186381047773927,-0.08591568861831582,0.0,0.0
3.848149596086148,0.3908838386170208,0.0,0.0
6.556320258406858,2.200292657334401,0.0,1.0
4.146317619934035,-1.8103601347952305,0.0,1.0
4.711122411142773,0.019430915773132496,0.0,0.0
4.888611862957905,0.5011048717937857,0.0,0.0
3.583416897986225,1.0245688004503177,0.0,1.0
7.737414310156359,-0.1626286374667765,0.0,0.0
4.52846326222149,0.372382855004256,0.0,0.0
4.498164980223557,0.32943119144551086,0.0,0.0
4.939144110963546,-0.1297794418066781,0.0,1.0
5.9857319904579365,1.0146244032135296,0.0,0.0
3.3511390589969556,-0.35024219053534345,0.0,0.0
5.585782718239901,2.17405877115113,0.0,0.0
5.665495941848043,1.106177134571654,0.0,0.0
5.329714600750252,0.1039854140078245,0.0,0.0
3.6498026342610537,0.33809623417818513,0.0,0.0
5.693118583189223,0.9742801170028969,0.0,0.0
4.8778472070513885,0.9742427429380025,0.0,1.0
5.733944452798637,-1.7533830293391408,0.0,1.0
6.345859769357017,-0.16463914360048965,0.0,0.0
4.265889697741278,-1.327412186537376,0.0,1.0
4.728252502760482,0.5484521957093238,0.0,1.0
4.876376275336343,-0.886684902962663,0.0,0.0
5.163630258102522,-0.6724919422787481,0.0,0.0
4.9559947610599435,1.7697086987521378,0.0,1.0
2.1963859105315793,-1.2719848508429212,0.0,1.0
4.147310726047603,-0.8922498935954473,0.0,0.0
4.436138966200676,-0.5334508092936859,0.0,0.0
6.409200781187292,-0.12056724276596854,0.0,0.0
4.964962203734682,-0.3452940661900362,0.0,0.0
4.158920526125854,1.1113621187029288,0.0,0.0
5.929194027939331,-1.0272059503757298,0.0,0.0
4.644568067891614,0.35390838810508124,0.0,0.0
3.9077978733796463,-0.8125866137966985,0.0,0.0
4.02262884169432,0.3498110072604822,0.0,0.0
3.5182459132039012,0.021425748905799975,0.0,0.0
6.677975609647866,0.9052548314768896,0.0,0.0
4.9403910453558035,1.0729662473637123,0.0,0.0
4.409495124707741,-0.07345324657406402,0.0,1.0
4.911104911772776,-0.25764195413677504,0.0,0.0
6.465412880350617,-0.44500200787957844,0.0,0.0
7.198985838012234,-1.683127890694979,0.0,0.0
3.3696681749334267,-0.2784697067027415,0.0,0.0
5.754576282749088,0.90924910917548,0.0,0.0
5.152113016993227,-0.3765966763558314,0.0,0.0
3.368452819149784,0.01083343069853272,0.0,0.0
4.248443037397363,-0.22146064624019282,0.0,0.0
5.011090085523098,-0.14975965440484004,0.0,1.0
4.47116590595741,-0.035186537217361764,0.0,0.0
4.4671536821886075,-0.25100406057905283,0.0,0.0
5.693606897558721,0.2416180919034472,0.0,1.0
5.704781543725745,0.3851758622940586,0.0,1.0
5.228441297633354,-0.3120182571496171,0.0,0.0
5.113773045051539,-0.4796920725762305,0.0,0.0
4.387447238838664,-0.48073606175681016,0.0,0.0
4.116679694242535,0.5255707420252416,0.0,1.0
5.597337221092623,-1.0631633425905962,0.0,0.0
4.812556283202329,-2.4377613832336342,0.0,0.0
6.718842891895619,-0.3660820695521368,0.0,0.0
5.6436710195301965,-0.02225287943144029,0.0,0.0
4.611016779699451,0.12867353236648899,0.0,0.0
3.3127478587777746,0.2899596139708164,0.0,1.0
3.7584140797542873,0.21760085095153878,0.0,0.0
5.533149260458243,-0.03934950215309674,0.0,0.0
4.304449248440661,-0.2610655710488406,0.0,0.0
4.717416714745263,0.2610969454461811,0.0,0.0
4.293188744199532,0.7662289191812954,0.0,0.0
4.6616710091908935,0.23326809235077808,0.0,0.0
4.560757057481737,0.5504549591413427,0.0,0.0
5.05061933559733,-0.6380864685485833,0.0,1.0
4.145157197799107,1.0993332537270968,0.0,1.0
4.530440667577582,-0.6066036989771738,0.0,0.0
3.243401222515703,-2.0475021991347955,0.0,1.0
3.99691661533722,-1.9669898745360346,0.0,1.0
3.7462100090412913,1.2587945359586652,0.0,1.0
5.027222870348453,-1.573745369667224,0.0,0.0
4.9644559951128455,-0.5533432599368024,0.0,0.0
4.621068973231981,-0.0488227639230728,0.0,1.0
5.433468815744881,-0.9698126336988849,0.0,1.0
4.6862269620187,-0.30680155974665446,0.0,0.0
3.563496476321811,-0.9579414156441572,0.0,0.0
5.550476460976125,-0.004119564709482356,0.0,0.0
4.669693061185715,0.8978311096119969,0.0,0.0
3.5133153512025075,-0.7213717538200446,0.0,0.0
6.45129361914805,-1.2808041155023036,0.0,0.0
5.941968987080619,0.637273856462034,0.0,0.0
6.448384224086218,-0.06655002848299438,0.0,0.0
3.7881614799933248,-0.13955295078936927,0.0,0.0
2.678618170428358,1.1932998290223946,0.0,0.0
6.705268973644939,0.044854390882009605,0.0,0.0
5.304260577274444,0.5300246829994479,0.0,0.0
4.443230102017973,0.32629561324198725,0.0,0.0
3.936317157851854,0.5989203472020066,0.0,0.0
5.589166732592179,-0.6323452487437041,0.0,0.0
4.816631084020999,1.833038936401465,0.0,0.0
4.130834674572377,-0.6390330034640276,0.0,0.0
5.12235738785653,0.19440516110205963,0.0,0.0
4.097539002085572,0.25721951755366385,0.0,0.0
5.641248757790311,-0.7626222053063725,0.0,0.0
6.313562011495495,-0.005483992995044313,0.0,0.0
5.90862817544299,1.580033489230708,0.0,0.0
3.5420983880392067,-0.8464174163090251,0.0,0.0
6.03685827437033,-1.3421913594333879,0.0,0.0
4.647463037875519,-0.1815396609696428,0.0,0.0
3.829971462016612,1.2269653113371024,0.0,0.0
4.984442261816576,-0.16794702441235848,0.0,0.0
4.448869503508919,-0.044017782211621906,0.0,0.0
6.06322497745939,0.8002214269969313,0.0,0.0
4.383620899322335,1.150183754271903,0.0,0.0
5.656989825385032,0.9462185819292719,0.0,1.0
3.6481703911495345,1.0635715736378635,0.0,0.0
5.110061073518721,-0.8350540230900796,0.0,0.0
5.998488245576317,-0.8608037744339379,0.0,0.0
4.046774559566652,0.41716996747817575,0.0,0.0
5.442944841756791,0.7692501801372095,0.0,0.0
5.179171105743509,0.8391953520132718,0.0,0.0
5.097193971447895,0.2631708315522589,0.0,1.0
4.683006219417129,-1.0670345736011733,0.0,0.0
6.8053998364785295,1.2323527392848805,0.0,0.0
6.395759363023116,1.2236943995242238,0.0,0.0
5.064598146631451,0.1331860188186464,0.0,0.0
5.007107276396224,0.381831221533582,0.0,0.0
3.928336296529438,-0.5195125037261966,0.0,1.0
5.620872466805263,-0.8058170304331448,0.0,0.0
5.565628870173796,2.9624382459392464,0.0,1.0
5.76614722444112,-0.732374843217195,0.0,0.0
4.204023044251772,0.6551405080770198,0.0,0.0
5.239724715400079,0.5249101607277588,0.0,0.0
5.421430046479289,-0.24120033268168722,0.0,0.0
3.8006958385726253,-0.7150730766296186,0.0,0.0
6.307117343666483,-0.472759010704564,0.0,0.0
5.9970882146413835,0.07407869198326436,0.0,0.0
4.805253020677206,0.15486016299075675,0.0,0.0
4.373406591679594,1.2063978768410635,0.0,1.0
5.4093641109751305,-0.21500320269192003,0.0,0.0
3.763336081384666,-2.008558390614793,0.0,0.0
4.087760987060419,-1.0886956328842774,0.0,1.0
4.570697757431956,0.38124114303003337,0.0,0.0
6.176962179631243,0.1991781387102155,0.0,0.0
5.684217242280642,0.9296819422040042,0.0,0.0
5.071881418429954,2.0837101818070694,0.0,0.0
5.622784239919488,0.5307815305392075,0.0,0.0
7.10579158573057,-0.9473388449609382,0.0,0.0
5.989201588648003,-0.2126326079313657,0.0,0.0
4.437470599048152,0.6553686617330775,0.0,0.0
5.24259276407202,1.5094298828758606,0.0,0.0
3.741527741793026,-0.3833317575426988,0.0,0.0
5.460070171959216,0.9805386902316455,0.0,0.0
5.093351909459958,-0.15075138013569284,0.0,0.0
6.5978963633594105,-0.400522896790666,0.0,0.0
4.659068018076034,1.152019416302309,0.0,0.0
4.784622978686372,0.5016477754631248,0.0,1.0
5.507761141243235,0.4209633601513449,0.0,1.0
4.357295397989084,-1.763557626664497,0.0,0.0
5.006934506766554,-2.115290965487903,0.0,0.0
7.319933415881927,-2.011541372174021,0.0,0.0
5.484086074729089,1.2860870285135568,0.0,0.0
4.691208756347279,0.12289079177085879,0.0,0.0
5.715330381509332,1.6094885200721838,0.0,0.0
4.678697661453644,1.4155642270536273,0.0,0.0
5.541030721435308,0.7869838981434164,0.0,0.0
4.185363588794398,-1.1435571605392676,0.0,0.0
3.095455935800139,-1.1471773683876498,0.0,0.0
5.548960936060782,-0.6604247757734913,0.0,0.0
6.432358089267419,1.8256204521244628,0.0,0.0
4.990608036719005,-0.2217238716584584,0.0,0.0
6.083693389493746,0.3641644433272164,0.0,0.0
4.843232872645911,-0.3346421994623747,0.0,0.0
5.005587443460249,1.3303308814648152,0.0,1.0
3.6810034228730135,1.6002069081857986,0.0,0.0
4.776829043976888,1.6295159751198374,0.0,1.0
2.7146989840265454,0.4702895409309659,0.0,1.0
4.933036862253485,-0.6230660645140275,0.0,0.0
6.488717678275911,-1.5058470877925432,0.0,1.0
5.444370601858759,-0.20902280385769623,0.0,1.0
5.9809351695856625,-0.7555004985997676,0.0,0.0
5.257470514811284,0.9407929378958207,0.0,0.0
6.17510544129503,-2.3296225957979715,0.0,0.0
4.660599933118681,-0.37950502228983474,0.0,0.0
3.163712688024862,-1.1903475306712896,0.0,0.0
4.738904060104594,0.1892461805894428,0.0,0.0
3.8727839979211134,0.40087562079096783,0.0,0.0
4.830607870115337,-0.2924907377066581,0.0,0.0
5.661702470299007,-0.47448493245506856,0.0,0.0
3.27384078197338,0.35861795338062163,0.0,0.0
4.237211900712893,0.24499319863631358,0.0,0.0
4.516032878334096,0.24303784636213757,0.0,0.0
3.4661567049856234,1.2958288824721351,0.0,0.0
3.9106588379760057,-0.9887175709938615,0.0,1.0
5.024433514060315,-0.9036093200524755,0.0,0.0
4.539777142147338,0.43805482784192884,0.0,0.0
5.853840939377222,0.719494756559607,0.0,0.0
4.024127608531292,-0.6298861940917515,0.0,1.0
6.955946393926208,0.08310442620803009,0.0,0.0
3.6506042654926194,0.7535418744914725,0.0,0.0
4.735423103330345,-0.883983812234791,0.0,0.0
5.843346286525989,-1.4407500507835893,0.0,0.0
6.2268359968333655,2.1316206340618815,0.0,1.0
3.560353762749604,-0.34386395020952887,0.0,0.0
4.65308607402827,-1.2312878823540288,0.0,0.0
5.838567042849644,-2.1046342443671002,0.0,0.0
6.488172983493671,0.16855877268304717,0.0,0.0
6.539771500273062,0.7030974678579399,0.0,0.0
4.042548046559587,-2.2914484398106705,0.0,0.0
6.335595224484471,0.44418576718605945,0.0,0.0
5.859069368854255,-0.46118732592084183,0.0,0.0
6.428388149377327,-0.3176716113129182,0.0,0.0
4.6877345849416985,-0.8770024611543069,0.0,0.0
3.119258391556842,-2.1231076862332916,0.0,0.0
4.682138726999301,-0.22355994722573705,0.0,1.0
5.085439796015297,-2.9454531232665375,0.0,0.0
5.804346584852945,0.9555637656010246,0.0,0.0
5.476507774860195,0.8685893674908198,0.0,0.0
4.6790345918049185,-0.8040592056880859,0.0,0.0
4.465940769845708,0.09531395734697885,0.0,0.0
6.314465682144515,0.6775184018915948,0.0,0.0
5.252989186031506,0.3900162308004697,0.0,0.0
5.0184832939985755,0.22080174742886502,0.0,0.0
5.619407624247149,2.050739822824172,0.0,0.0
3.90914598018706,-1.5795160917780817,0.0,0.0
5.129895410281952,-0.7486460790992845,0.0,0.0
5.433006467615115,-0.2218484742976623,0.0,0.0
